﻿Designator,Footprint,Quantity,Value,LCSC Part #
"C1, C11, C2, C5, C7, C9",0402,6,C,
"C10, C12, C3, C4, C6, C8",0805,6,22uF,
"C13, C14",0402,2,100n,
"C15, C16, C17, C18, C19, C20, C21, C22, C23, C24",0402,10,220nF,
"D1, D2, D3, D4, D5, D6",0603,6,LED,
"FB1, FB2",0805,2,FerriteBead,
"J1, J2",USB_C_Receptacle_Wuerth_629722000214,2,USB_C_Receptacle_USB2.0_16P,
"J3, J4, J5, J6",USB_A_Wuerth_614004185023_Vertical,4,USB_A,
"R10, R11, R12, R13, R14, R15, R16, R17, R18, R19, R2, R20, R21, R22, R27, R28, R33, R34, R37, R38, R4, R41, R42, R43, R44, R45, R46, R9",0402,28,R,
"R23, R24, R26",0402,3,100k,
R25,0402,1,12k/1%,
"R29, R31, R35, R39",0402,4,1k,
"R30, R32, R36, R40",0402,4,47k,
"SW1, SW2, SW3, SW4",SW_PUSH_6mm_H9.5mm,4,SW_SPST,
"U1, U3, U4, U5, U6",SOT-363_SC-70-6,5,WE-TVS-82400102,
"U10, U11, U12, U13, U8, U9",DFN-6-1EP_2x2mm_P0.65mm_EP1x1.6mm,6,MP62551DGT,
"U18, U19, U20, U21",SOT-353_SC-70-5,4,74LVC1G80,
U2,QFN-36-1EP_6x6mm_P0.5mm_EP3.7x3.7mm,1,USB2514B_Bi,
"U23, U24, U25, U26",SOT-353_SC-70-5,4,74AHC1G08,
U28,SOT-323_SC-70,1,MAX809SQ308T1G,
U7,SOT-23-5,1,MIC5219-3.3YM5,
Y1,Crystal_SMD_2520-4Pin_2.5x2.0mm,1,24MHz,
